"Name","DisplayName","Status","ServiceType","StartType","ProcessId","Description","DependentServices","ServicesDependedOn","MachineName","CanPauseAndContinue","CanShutdown","CanStop","Site","RequiredServices","CanHandlePowerEvent","CanHandleSessionChangeEvent","CanHandleSuspendResume","CanHandleSessionChange","ExitCode","StartName","SiteName","PathName","PagedMemorySize","PeakPagedMemorySize","PrivateMemorySize","PeakVirtualMemorySize","PeakWorkingSet","VirtualMemorySize","WorkingSet","StartTime"
"AJRouter","AllJoyn Router Service","Stopped","Win32ShareProcess","Manual",,,"System.ServiceProcess.ServiceController[]","System.ServiceProcess.ServiceController[]",".","False","False","False",,"System.ServiceProcess.ServiceController[]",,,,,,,,,,,,,,,,
"ALG","Application Layer Gateway Service","Stopped","Win32OwnProcess","Manual",,,"System.ServiceProcess.ServiceController[]","System.ServiceProcess.ServiceController[]",".","False","False","False",,"System.ServiceProcess.ServiceController[]",,,,,,,,,,,,,,,,
"AppIDSvc","Application Identity","Stopped","Win32ShareProcess","Manual",,,"System.ServiceProcess.ServiceController[]","System.ServiceProcess.ServiceController[]",".","False","False","False",,"System.ServiceProcess.ServiceController[]",,,,,,,,,,,,,,,,
"Appinfo","Application Information","Stopped","Win32ShareProcess","Manual",,,"System.ServiceProcess.ServiceController[]","System.ServiceProcess.ServiceController[]",".","False","False","False",,"System.ServiceProcess.ServiceController[]",,,,,,,,,,,,,,,,
"AppMgmt","Application Management","Stopped","Win32ShareProcess","Manual",,,"System.ServiceProcess.ServiceController[]","System.ServiceProcess.ServiceController[]",".","False","False","False",,"System.ServiceProcess.ServiceController[]",,,,,,,,,,,,,,,,
"AppReadiness","App Readiness","Stopped","Win32ShareProcess","Manual",,,"System.ServiceProcess.ServiceController[]","System.ServiceProcess.ServiceController[]",".","False","False","False",,"System.ServiceProcess.ServiceController[]",,,,,,,,,,,,,,,,
"AppVClient","Microsoft App-V Client","Stopped","Win32OwnProcess","Disabled",,,"System.ServiceProcess.ServiceController[]","System.ServiceProcess.ServiceController[]",".","False","False","False",,"System.ServiceProcess.ServiceController[]",,,,,,,,,,,,,,,,
"AppXSvc","AppX Deployment Service (AppXSVC)","Running","Win32OwnProcess, Win32ShareProcess","Manual",,,"System.ServiceProcess.ServiceController[]","System.ServiceProcess.ServiceController[]",".","False","True","True",,"System.ServiceProcess.ServiceController[]",,,,,,,,,,,,,,,,
"AudioEndpointBuilder","Windows Audio Endpoint Builder","Stopped","Win32ShareProcess","Manual",,,"System.ServiceProcess.ServiceController[]","System.ServiceProcess.ServiceController[]",".","False","False","False",,"System.ServiceProcess.ServiceController[]",,,,,,,,,,,,,,,,
"Audiosrv","Windows Audio","Stopped","Win32OwnProcess","Manual",,,"System.ServiceProcess.ServiceController[]","System.ServiceProcess.ServiceController[]",".","False","False","False",,"System.ServiceProcess.ServiceController[]",,,,,,,,,,,,,,,,
"AxInstSV","ActiveX Installer (AxInstSV)","Stopped","Win32ShareProcess","Disabled",,,"System.ServiceProcess.ServiceController[]","System.ServiceProcess.ServiceController[]",".","False","False","False",,"System.ServiceProcess.ServiceController[]",,,,,,,,,,,,,,,,
"BFE","Base Filtering Engine","Running","Win32ShareProcess","Automatic",,,"System.ServiceProcess.ServiceController[]","System.ServiceProcess.ServiceController[]",".","False","False","True",,"System.ServiceProcess.ServiceController[]",,,,,,,,,,,,,,,,
"BITS","Background Intelligent Transfer Service","Running","Win32OwnProcess, Win32ShareProcess","Automatic",,,"System.ServiceProcess.ServiceController[]","System.ServiceProcess.ServiceController[]",".","False","False","True",,"System.ServiceProcess.ServiceController[]",,,,,,,,,,,,,,,,
"BrokerInfrastructure","Background Tasks Infrastructure Service","Running","Win32ShareProcess","Automatic",,,"System.ServiceProcess.ServiceController[]","System.ServiceProcess.ServiceController[]",".","False","False","False",,"System.ServiceProcess.ServiceController[]",,,,,,,,,,,,,,,,
"bthserv","Bluetooth Support Service","Stopped","Win32ShareProcess","Manual",,,"System.ServiceProcess.ServiceController[]","System.ServiceProcess.ServiceController[]",".","False","False","False",,"System.ServiceProcess.ServiceController[]",,,,,,,,,,,,,,,,
"camsvc","Capability Access Manager Service","Running","Win32OwnProcess, Win32ShareProcess","Manual",,,"System.ServiceProcess.ServiceController[]","System.ServiceProcess.ServiceController[]",".","False","True","True",,"System.ServiceProcess.ServiceController[]",,,,,,,,,,,,,,,,
"CaptureService_374b7","CaptureService_374b7","Stopped","224","Manual",,,"System.ServiceProcess.ServiceController[]","System.ServiceProcess.ServiceController[]",".","False","False","False",,"System.ServiceProcess.ServiceController[]",,,,,,,,,,,,,,,,
"cbdhsvc_374b7","Clipboard User Service_374b7","Running","240","Automatic",,,"System.ServiceProcess.ServiceController[]","System.ServiceProcess.ServiceController[]",".","False","False","True",,"System.ServiceProcess.ServiceController[]",,,,,,,,,,,,,,,,
"CDPSvc","Connected Devices Platform Service","Running","Win32OwnProcess, Win32ShareProcess","Automatic",,,"System.ServiceProcess.ServiceController[]","System.ServiceProcess.ServiceController[]",".","False","False","True",,"System.ServiceProcess.ServiceController[]",,,,,,,,,,,,,,,,
"CDPUserSvc_374b7","Connected Devices Platform User Service_374b7","Running","240","Automatic",,,"System.ServiceProcess.ServiceController[]","System.ServiceProcess.ServiceController[]",".","False","False","True",,"System.ServiceProcess.ServiceController[]",,,,,,,,,,,,,,,,
"CertPropSvc","Certificate Propagation","Stopped","Win32ShareProcess","Manual",,,"System.ServiceProcess.ServiceController[]","System.ServiceProcess.ServiceController[]",".","False","False","False",,"System.ServiceProcess.ServiceController[]",,,,,,,,,,,,,,,,
"ClipSVC","Client License Service (ClipSVC)","Running","Win32OwnProcess, Win32ShareProcess","Manual",,,"System.ServiceProcess.ServiceController[]","System.ServiceProcess.ServiceController[]",".","False","True","True",,"System.ServiceProcess.ServiceController[]",,,,,,,,,,,,,,,,
"COMSysApp","COM+ System Application","Running","Win32OwnProcess","Manual",,,"System.ServiceProcess.ServiceController[]","System.ServiceProcess.ServiceController[]",".","False","False","True",,"System.ServiceProcess.ServiceController[]",,,,,,,,,,,,,,,,
"ConsentUxUserSvc_374b7","ConsentUX User Service_374b7","Stopped","224","Manual",,,"System.ServiceProcess.ServiceController[]","System.ServiceProcess.ServiceController[]",".","False","False","False",,"System.ServiceProcess.ServiceController[]",,,,,,,,,,,,,,,,
"CoreMessagingRegistrar","CoreMessaging","Running","Win32ShareProcess","Automatic",,,"System.ServiceProcess.ServiceController[]","System.ServiceProcess.ServiceController[]",".","False","False","False",,"System.ServiceProcess.ServiceController[]",,,,,,,,,,,,,,,,
"CredentialEnrollmentManagerUserSvc_374b7","CredentialEnrollmentManagerUserSvc_374b7","Stopped","208","Manual",,,"System.ServiceProcess.ServiceController[]","System.ServiceProcess.ServiceController[]",".","False","False","False",,"System.ServiceProcess.ServiceController[]",,,,,,,,,,,,,,,,
"CryptSvc","Cryptographic Services","Running","Win32OwnProcess, Win32ShareProcess","Automatic",,,"System.ServiceProcess.ServiceController[]","System.ServiceProcess.ServiceController[]",".","False","True","True",,"System.ServiceProcess.ServiceController[]",,,,,,,,,,,,,,,,
"CscService","Offline Files","Stopped","Win32ShareProcess","Disabled",,,"System.ServiceProcess.ServiceController[]","System.ServiceProcess.ServiceController[]",".","False","False","False",,"System.ServiceProcess.ServiceController[]",,,,,,,,,,,,,,,,
"DcomLaunch","DCOM Server Process Launcher","Running","Win32ShareProcess","Automatic",,,"System.ServiceProcess.ServiceController[]","System.ServiceProcess.ServiceController[]",".","False","False","False",,"System.ServiceProcess.ServiceController[]",,,,,,,,,,,,,,,,
"defragsvc","Optimize drives","Stopped","Win32OwnProcess","Manual",,,"System.ServiceProcess.ServiceController[]","System.ServiceProcess.ServiceController[]",".","False","False","False",,"System.ServiceProcess.ServiceController[]",,,,,,,,,,,,,,,,
"DeviceAssociationBrokerSvc_374b7","DeviceAssociationBroker_374b7","Stopped","224","Manual",,,"System.ServiceProcess.ServiceController[]","System.ServiceProcess.ServiceController[]",".","False","False","False",,"System.ServiceProcess.ServiceController[]",,,,,,,,,,,,,,,,
"DeviceAssociationService","Device Association Service","Stopped","Win32ShareProcess","Manual",,,"System.ServiceProcess.ServiceController[]","System.ServiceProcess.ServiceController[]",".","False","False","False",,"System.ServiceProcess.ServiceController[]",,,,,,,,,,,,,,,,
"DeviceInstall","Device Install Service","Stopped","Win32ShareProcess","Manual",,,"System.ServiceProcess.ServiceController[]","System.ServiceProcess.ServiceController[]",".","False","False","False",,"System.ServiceProcess.ServiceController[]",,,,,,,,,,,,,,,,
"DevicePickerUserSvc_374b7","DevicePicker_374b7","Stopped","224","Disabled",,,"System.ServiceProcess.ServiceController[]","System.ServiceProcess.ServiceController[]",".","False","False","False",,"System.ServiceProcess.ServiceController[]",,,,,,,,,,,,,,,,
"DevicesFlowUserSvc_374b7","DevicesFlow_374b7","Stopped","224","Manual",,,"System.ServiceProcess.ServiceController[]","System.ServiceProcess.ServiceController[]",".","False","False","False",,"System.ServiceProcess.ServiceController[]",,,,,,,,,,,,,,,,
"DevQueryBroker","DevQuery Background Discovery Broker","Stopped","Win32ShareProcess","Manual",,,"System.ServiceProcess.ServiceController[]","System.ServiceProcess.ServiceController[]",".","False","False","False",,"System.ServiceProcess.ServiceController[]",,,,,,,,,,,,,,,,
"Dhcp","DHCP Client","Running","Win32OwnProcess, Win32ShareProcess","Automatic",,,"System.ServiceProcess.ServiceController[]","System.ServiceProcess.ServiceController[]",".","False","True","True",,"System.ServiceProcess.ServiceController[]",,,,,,,,,,,,,,,,
"diagnosticshub.standardcollector.service","Microsoft (R) Diagnostics Hub Standard Collector Service","Stopped","Win32OwnProcess","Manual",,,"System.ServiceProcess.ServiceController[]","System.ServiceProcess.ServiceController[]",".","False","False","False",,"System.ServiceProcess.ServiceController[]",,,,,,,,,,,,,,,,
"DiagTrack","Connected User Experiences and Telemetry","Running","Win32OwnProcess","Automatic",,,"System.ServiceProcess.ServiceController[]","System.ServiceProcess.ServiceController[]",".","False","True","True",,"System.ServiceProcess.ServiceController[]",,,,,,,,,,,,,,,,
"DispBrokerDesktopSvc","Display Policy Service","Running","Win32OwnProcess, Win32ShareProcess","Automatic",,,"System.ServiceProcess.ServiceController[]","System.ServiceProcess.ServiceController[]",".","False","False","True",,"System.ServiceProcess.ServiceController[]",,,,,,,,,,,,,,,,
"DmEnrollmentSvc","Device Management Enrollment Service","Stopped","Win32OwnProcess","Manual",,,"System.ServiceProcess.ServiceController[]","System.ServiceProcess.ServiceController[]",".","False","False","False",,"System.ServiceProcess.ServiceController[]",,,,,,,,,,,,,,,,
"dmwappushservice","Device Management Wireless Application Protocol (WAP) Push message Routing Service","Stopped","Win32ShareProcess","Disabled",,,"System.ServiceProcess.ServiceController[]","System.ServiceProcess.ServiceController[]",".","False","False","False",,"System.ServiceProcess.ServiceController[]",,,,,,,,,,,,,,,,
"Dnscache","DNS Client","Running","Win32OwnProcess, Win32ShareProcess","Automatic",,,"System.ServiceProcess.ServiceController[]","System.ServiceProcess.ServiceController[]",".","False","False","False",,"System.ServiceProcess.ServiceController[]",,,,,,,,,,,,,,,,
"DoSvc","Delivery Optimization","Stopped","Win32ShareProcess","Manual",,,"System.ServiceProcess.ServiceController[]","System.ServiceProcess.ServiceController[]",".","False","False","False",,"System.ServiceProcess.ServiceController[]",,,,,,,,,,,,,,,,
"dot3svc","Wired AutoConfig","Stopped","Win32ShareProcess","Manual",,,"System.ServiceProcess.ServiceController[]","System.ServiceProcess.ServiceController[]",".","False","False","False",,"System.ServiceProcess.ServiceController[]",,,,,,,,,,,,,,,,
"DPS","Diagnostic Policy Service","Running","Win32OwnProcess, Win32ShareProcess","Automatic",,,"System.ServiceProcess.ServiceController[]","System.ServiceProcess.ServiceController[]",".","False","True","True",,"System.ServiceProcess.ServiceController[]",,,,,,,,,,,,,,,,
"DsmSvc","Device Setup Manager","Stopped","Win32ShareProcess","Manual",,,"System.ServiceProcess.ServiceController[]","System.ServiceProcess.ServiceController[]",".","False","False","False",,"System.ServiceProcess.ServiceController[]",,,,,,,,,,,,,,,,
"DsSvc","Data Sharing Service","Stopped","Win32ShareProcess","Manual",,,"System.ServiceProcess.ServiceController[]","System.ServiceProcess.ServiceController[]",".","False","False","False",,"System.ServiceProcess.ServiceController[]",,,,,,,,,,,,,,,,
"EapHost","Extensible Authentication Protocol","Stopped","Win32ShareProcess","Manual",,,"System.ServiceProcess.ServiceController[]","System.ServiceProcess.ServiceController[]",".","False","False","False",,"System.ServiceProcess.ServiceController[]",,,,,,,,,,,,,,,,
"edgeupdate","Microsoft Edge Update Service (edgeupdate)","Stopped","Win32OwnProcess","Automatic",,,"System.ServiceProcess.ServiceController[]","System.ServiceProcess.ServiceController[]",".","False","False","False",,"System.ServiceProcess.ServiceController[]",,,,,,,,,,,,,,,,
"edgeupdatem","Microsoft Edge Update Service (edgeupdatem)","Stopped","Win32OwnProcess","Manual",,,"System.ServiceProcess.ServiceController[]","System.ServiceProcess.ServiceController[]",".","False","False","False",,"System.ServiceProcess.ServiceController[]",,,,,,,,,,,,,,,,
"EFS","Encrypting File System (EFS)","Stopped","Win32ShareProcess","Manual",,,"System.ServiceProcess.ServiceController[]","System.ServiceProcess.ServiceController[]",".","False","False","False",,"System.ServiceProcess.ServiceController[]",,,,,,,,,,,,,,,,
"embeddedmode","Embedded Mode","Stopped","Win32ShareProcess","Manual",,,"System.ServiceProcess.ServiceController[]","System.ServiceProcess.ServiceController[]",".","False","False","False",,"System.ServiceProcess.ServiceController[]",,,,,,,,,,,,,,,,
"EntAppSvc","Enterprise App Management Service","Stopped","Win32ShareProcess","Manual",,,"System.ServiceProcess.ServiceController[]","System.ServiceProcess.ServiceController[]",".","False","False","False",,"System.ServiceProcess.ServiceController[]",,,,,,,,,,,,,,,,
"EventLog","Windows Event Log","Running","Win32OwnProcess, Win32ShareProcess","Automatic",,,"System.ServiceProcess.ServiceController[]","System.ServiceProcess.ServiceController[]",".","False","True","True",,"System.ServiceProcess.ServiceController[]",,,,,,,,,,,,,,,,
"EventSystem","COM+ Event System","Running","Win32OwnProcess, Win32ShareProcess","Automatic",,,"System.ServiceProcess.ServiceController[]","System.ServiceProcess.ServiceController[]",".","False","False","True",,"System.ServiceProcess.ServiceController[]",,,,,,,,,,,,,,,,
"fdPHost","Function Discovery Provider Host","Stopped","Win32ShareProcess","Manual",,,"System.ServiceProcess.ServiceController[]","System.ServiceProcess.ServiceController[]",".","False","False","False",,"System.ServiceProcess.ServiceController[]",,,,,,,,,,,,,,,,
"FDResPub","Function Discovery Resource Publication","Stopped","Win32ShareProcess","Manual",,,"System.ServiceProcess.ServiceController[]","System.ServiceProcess.ServiceController[]",".","False","False","False",,"System.ServiceProcess.ServiceController[]",,,,,,,,,,,,,,,,
"FontCache","Windows Font Cache Service","Running","Win32OwnProcess, Win32ShareProcess","Automatic",,,"System.ServiceProcess.ServiceController[]","System.ServiceProcess.ServiceController[]",".","False","True","True",,"System.ServiceProcess.ServiceController[]",,,,,,,,,,,,,,,,
"FrameServer","Windows Camera Frame Server","Stopped","Win32ShareProcess","Manual",,,"System.ServiceProcess.ServiceController[]","System.ServiceProcess.ServiceController[]",".","False","False","False",,"System.ServiceProcess.ServiceController[]",,,,,,,,,,,,,,,,
"FrameServerMonitor","Windows Camera Frame Server Monitor","Stopped","Win32OwnProcess","Manual",,,"System.ServiceProcess.ServiceController[]","System.ServiceProcess.ServiceController[]",".","False","False","False",,"System.ServiceProcess.ServiceController[]",,,,,,,,,,,,,,,,
"gpsvc","Group Policy Client","Running","Win32OwnProcess, Win32ShareProcess","Automatic",,,"System.ServiceProcess.ServiceController[]","System.ServiceProcess.ServiceController[]",".","False","False","True",,"System.ServiceProcess.ServiceController[]",,,,,,,,,,,,,,,,
"GraphicsPerfSvc","GraphicsPerfSvc","Stopped","Win32ShareProcess","Disabled",,,"System.ServiceProcess.ServiceController[]","System.ServiceProcess.ServiceController[]",".","False","False","False",,"System.ServiceProcess.ServiceController[]",,,,,,,,,,,,,,,,
"hidserv","Human Interface Device Service","Stopped","Win32ShareProcess","Manual",,,"System.ServiceProcess.ServiceController[]","System.ServiceProcess.ServiceController[]",".","False","False","False",,"System.ServiceProcess.ServiceController[]",,,,,,,,,,,,,,,,
"HvHost","HV Host Service","Stopped","Win32ShareProcess","Manual",,,"System.ServiceProcess.ServiceController[]","System.ServiceProcess.ServiceController[]",".","False","False","False",,"System.ServiceProcess.ServiceController[]",,,,,,,,,,,,,,,,
"IKEEXT","IKE and AuthIP IPsec Keying Modules","Stopped","Win32ShareProcess","Manual",,,"System.ServiceProcess.ServiceController[]","System.ServiceProcess.ServiceController[]",".","False","False","False",,"System.ServiceProcess.ServiceController[]",,,,,,,,,,,,,,,,
"InstallService","Microsoft Store Install Service","Stopped","Win32OwnProcess","Manual",,,"System.ServiceProcess.ServiceController[]","System.ServiceProcess.ServiceController[]",".","False","False","False",,"System.ServiceProcess.ServiceController[]",,,,,,,,,,,,,,,,
"iphlpsvc","IP Helper","Running","Win32OwnProcess, Win32ShareProcess","Automatic",,,"System.ServiceProcess.ServiceController[]","System.ServiceProcess.ServiceController[]",".","False","False","True",,"System.ServiceProcess.ServiceController[]",,,,,,,,,,,,,,,,
"KeyIso","CNG Key Isolation","Running","Win32ShareProcess","Manual",,,"System.ServiceProcess.ServiceController[]","System.ServiceProcess.ServiceController[]",".","False","False","True",,"System.ServiceProcess.ServiceController[]",,,,,,,,,,,,,,,,
"KPSSVC","KDC Proxy Server service (KPS)","Stopped","Win32ShareProcess","Manual",,,"System.ServiceProcess.ServiceController[]","System.ServiceProcess.ServiceController[]",".","False","False","False",,"System.ServiceProcess.ServiceController[]",,,,,,,,,,,,,,,,
"KtmRm","KtmRm for Distributed Transaction Coordinator","Stopped","Win32ShareProcess","Manual",,,"System.ServiceProcess.ServiceController[]","System.ServiceProcess.ServiceController[]",".","False","False","False",,"System.ServiceProcess.ServiceController[]",,,,,,,,,,,,,,,,
"LanmanServer","Server","Running","Win32OwnProcess, Win32ShareProcess","Automatic",,,"System.ServiceProcess.ServiceController[]","System.ServiceProcess.ServiceController[]",".","False","False","True",,"System.ServiceProcess.ServiceController[]",,,,,,,,,,,,,,,,
"LanmanWorkstation","Workstation","Running","Win32OwnProcess, Win32ShareProcess","Automatic",,,"System.ServiceProcess.ServiceController[]","System.ServiceProcess.ServiceController[]",".","True","False","True",,"System.ServiceProcess.ServiceController[]",,,,,,,,,,,,,,,,
"lfsvc","Geolocation Service","Stopped","Win32ShareProcess","Disabled",,,"System.ServiceProcess.ServiceController[]","System.ServiceProcess.ServiceController[]",".","False","False","False",,"System.ServiceProcess.ServiceController[]",,,,,,,,,,,,,,,,
"LicenseManager","Windows License Manager Service","Stopped","Win32ShareProcess","Manual",,,"System.ServiceProcess.ServiceController[]","System.ServiceProcess.ServiceController[]",".","False","False","False",,"System.ServiceProcess.ServiceController[]",,,,,,,,,,,,,,,,
"lltdsvc","Link-Layer Topology Discovery Mapper","Stopped","Win32ShareProcess","Disabled",,,"System.ServiceProcess.ServiceController[]","System.ServiceProcess.ServiceController[]",".","False","False","False",,"System.ServiceProcess.ServiceController[]",,,,,,,,,,,,,,,,
"lmhosts","TCP/IP NetBIOS Helper","Running","Win32OwnProcess, Win32ShareProcess","Manual",,,"System.ServiceProcess.ServiceController[]","System.ServiceProcess.ServiceController[]",".","False","False","True",,"System.ServiceProcess.ServiceController[]",,,,,,,,,,,,,,,,
"LSM","Local Session Manager","Running","Win32OwnProcess, Win32ShareProcess","Automatic",,,"System.ServiceProcess.ServiceController[]","System.ServiceProcess.ServiceController[]",".","False","False","False",,"System.ServiceProcess.ServiceController[]",,,,,,,,,,,,,,,,
"MapsBroker","Downloaded Maps Manager","Stopped","Win32OwnProcess","Disabled",,,"System.ServiceProcess.ServiceController[]","System.ServiceProcess.ServiceController[]",".","False","False","False",,"System.ServiceProcess.ServiceController[]",,,,,,,,,,,,,,,,
"McpManagementService","McpManagementService","Stopped","Win32OwnProcess","Manual",,,"System.ServiceProcess.ServiceController[]","System.ServiceProcess.ServiceController[]",".","False","False","False",,"System.ServiceProcess.ServiceController[]",,,,,,,,,,,,,,,,
"MicrosoftEdgeElevationService","Microsoft Edge Elevation Service (MicrosoftEdgeElevationService)","Stopped","Win32OwnProcess","Manual",,,"System.ServiceProcess.ServiceController[]","System.ServiceProcess.ServiceController[]",".","False","False","False",,"System.ServiceProcess.ServiceController[]",,,,,,,,,,,,,,,,
"mpssvc","Windows Defender Firewall","Running","Win32ShareProcess","Automatic",,,"System.ServiceProcess.ServiceController[]","System.ServiceProcess.ServiceController[]",".","False","False","False",,"System.ServiceProcess.ServiceController[]",,,,,,,,,,,,,,,,
"MSDTC","Distributed Transaction Coordinator","Running","Win32OwnProcess","Automatic",,,"System.ServiceProcess.ServiceController[]","System.ServiceProcess.ServiceController[]",".","False","True","True",,"System.ServiceProcess.ServiceController[]",,,,,,,,,,,,,,,,
"MSiSCSI","Microsoft iSCSI Initiator Service","Stopped","Win32ShareProcess","Manual",,,"System.ServiceProcess.ServiceController[]","System.ServiceProcess.ServiceController[]",".","False","False","False",,"System.ServiceProcess.ServiceController[]",,,,,,,,,,,,,,,,
"msiserver","Windows Installer","Stopped","Win32OwnProcess","Manual",,,"System.ServiceProcess.ServiceController[]","System.ServiceProcess.ServiceController[]",".","False","False","False",,"System.ServiceProcess.ServiceController[]",,,,,,,,,,,,,,,,
"NcaSvc","Network Connectivity Assistant","Stopped","Win32ShareProcess","Manual",,,"System.ServiceProcess.ServiceController[]","System.ServiceProcess.ServiceController[]",".","False","False","False",,"System.ServiceProcess.ServiceController[]",,,,,,,,,,,,,,,,
"NcbService","Network Connection Broker","Running","Win32OwnProcess, Win32ShareProcess","Manual",,,"System.ServiceProcess.ServiceController[]","System.ServiceProcess.ServiceController[]",".","False","False","True",,"System.ServiceProcess.ServiceController[]",,,,,,,,,,,,,,,,
"Netlogon","Netlogon","Stopped","Win32ShareProcess","Manual",,,"System.ServiceProcess.ServiceController[]","System.ServiceProcess.ServiceController[]",".","False","False","False",,"System.ServiceProcess.ServiceController[]",,,,,,,,,,,,,,,,
"Netman","Network Connections","Stopped","Win32ShareProcess","Manual",,,"System.ServiceProcess.ServiceController[]","System.ServiceProcess.ServiceController[]",".","False","False","False",,"System.ServiceProcess.ServiceController[]",,,,,,,,,,,,,,,,
"netprofm","Network List Service","Running","Win32OwnProcess, Win32ShareProcess","Manual",,,"System.ServiceProcess.ServiceController[]","System.ServiceProcess.ServiceController[]",".","False","False","True",,"System.ServiceProcess.ServiceController[]",,,,,,,,,,,,,,,,
"NetSetupSvc","Network Setup Service","Running","Win32OwnProcess, Win32ShareProcess","Manual",,,"System.ServiceProcess.ServiceController[]","System.ServiceProcess.ServiceController[]",".","False","False","True",,"System.ServiceProcess.ServiceController[]",,,,,,,,,,,,,,,,
"NetTcpPortSharing","Net.Tcp Port Sharing Service","Stopped","Win32ShareProcess","Disabled",,,"System.ServiceProcess.ServiceController[]","System.ServiceProcess.ServiceController[]",".","False","False","False",,"System.ServiceProcess.ServiceController[]",,,,,,,,,,,,,,,,
"NgcCtnrSvc","Microsoft Passport Container","Stopped","Win32ShareProcess","Manual",,,"System.ServiceProcess.ServiceController[]","System.ServiceProcess.ServiceController[]",".","False","False","False",,"System.ServiceProcess.ServiceController[]",,,,,,,,,,,,,,,,
"NgcSvc","Microsoft Passport","Stopped","Win32ShareProcess","Manual",,,"System.ServiceProcess.ServiceController[]","System.ServiceProcess.ServiceController[]",".","False","False","False",,"System.ServiceProcess.ServiceController[]",,,,,,,,,,,,,,,,
"NlaSvc","Network Location Awareness","Running","Win32OwnProcess, Win32ShareProcess","Automatic",,,"System.ServiceProcess.ServiceController[]","System.ServiceProcess.ServiceController[]",".","False","False","True",,"System.ServiceProcess.ServiceController[]",,,,,,,,,,,,,,,,
"nsi","Network Store Interface Service","Running","Win32OwnProcess, Win32ShareProcess","Automatic",,,"System.ServiceProcess.ServiceController[]","System.ServiceProcess.ServiceController[]",".","False","False","True",,"System.ServiceProcess.ServiceController[]",,,,,,,,,,,,,,,,
"PcaSvc","Program Compatibility Assistant Service","Running","Win32OwnProcess, Win32ShareProcess","Automatic",,,"System.ServiceProcess.ServiceController[]","System.ServiceProcess.ServiceController[]",".","False","True","True",,"System.ServiceProcess.ServiceController[]",,,,,,,,,,,,,,,,
"PerfHost","Performance Counter DLL Host","Stopped","Win32OwnProcess","Manual",,,"System.ServiceProcess.ServiceController[]","System.ServiceProcess.ServiceController[]",".","False","False","False",,"System.ServiceProcess.ServiceController[]",,,,,,,,,,,,,,,,
"PimIndexMaintenanceSvc_374b7","Contact Data_374b7","Stopped","224","Manual",,,"System.ServiceProcess.ServiceController[]","System.ServiceProcess.ServiceController[]",".","False","False","False",,"System.ServiceProcess.ServiceController[]",,,,,,,,,,,,,,,,
"pla","Performance Logs & Alerts","Stopped","Win32ShareProcess","Manual",,,"System.ServiceProcess.ServiceController[]","System.ServiceProcess.ServiceController[]",".","False","False","False",,"System.ServiceProcess.ServiceController[]",,,,,,,,,,,,,,,,
"PlugPlay","Plug and Play","Running","Win32ShareProcess","Manual",,,"System.ServiceProcess.ServiceController[]","System.ServiceProcess.ServiceController[]",".","False","True","True",,"System.ServiceProcess.ServiceController[]",,,,,,,,,,,,,,,,
"PolicyAgent","IPsec Policy Agent","Stopped","Win32ShareProcess","Manual",,,"System.ServiceProcess.ServiceController[]","System.ServiceProcess.ServiceController[]",".","False","False","False",,"System.ServiceProcess.ServiceController[]",,,,,,,,,,,,,,,,
"Power","Power","Running","Win32ShareProcess","Automatic",,,"System.ServiceProcess.ServiceController[]","System.ServiceProcess.ServiceController[]",".","False","False","False",,"System.ServiceProcess.ServiceController[]",,,,,,,,,,,,,,,,
"PrintNotify","Printer Extensions and Notifications","Stopped","Win32ShareProcess, InteractiveProcess","Manual",,,"System.ServiceProcess.ServiceController[]","System.ServiceProcess.ServiceController[]",".","False","False","False",,"System.ServiceProcess.ServiceController[]",,,,,,,,,,,,,,,,
"PrintWorkflowUserSvc_374b7","PrintWorkflow_374b7","Stopped","224","Manual",,,"System.ServiceProcess.ServiceController[]","System.ServiceProcess.ServiceController[]",".","False","False","False",,"System.ServiceProcess.ServiceController[]",,,,,,,,,,,,,,,,
"ProfSvc","User Profile Service","Running","Win32OwnProcess, Win32ShareProcess","Automatic",,,"System.ServiceProcess.ServiceController[]","System.ServiceProcess.ServiceController[]",".","False","True","True",,"System.ServiceProcess.ServiceController[]",,,,,,,,,,,,,,,,
"PushToInstall","Windows PushToInstall Service","Stopped","Win32ShareProcess","Disabled",,,"System.ServiceProcess.ServiceController[]","System.ServiceProcess.ServiceController[]",".","False","False","False",,"System.ServiceProcess.ServiceController[]",,,,,,,,,,,,,,,,
"QWAVE","Quality Windows Audio Video Experience","Stopped","Win32ShareProcess","Manual",,,"System.ServiceProcess.ServiceController[]","System.ServiceProcess.ServiceController[]",".","False","False","False",,"System.ServiceProcess.ServiceController[]",,,,,,,,,,,,,,,,
"RasAuto","Remote Access Auto Connection Manager","Stopped","Win32ShareProcess","Manual",,,"System.ServiceProcess.ServiceController[]","System.ServiceProcess.ServiceController[]",".","False","False","False",,"System.ServiceProcess.ServiceController[]",,,,,,,,,,,,,,,,
"RasMan","Remote Access Connection Manager","Stopped","Win32ShareProcess","Manual",,,"System.ServiceProcess.ServiceController[]","System.ServiceProcess.ServiceController[]",".","False","False","False",,"System.ServiceProcess.ServiceController[]",,,,,,,,,,,,,,,,
"RemoteAccess","Routing and Remote Access","Stopped","Win32ShareProcess","Disabled",,,"System.ServiceProcess.ServiceController[]","System.ServiceProcess.ServiceController[]",".","False","False","False",,"System.ServiceProcess.ServiceController[]",,,,,,,,,,,,,,,,
"RemoteRegistry","Remote Registry","Running","Win32OwnProcess, Win32ShareProcess","Automatic",,,"System.ServiceProcess.ServiceController[]","System.ServiceProcess.ServiceController[]",".","False","False","True",,"System.ServiceProcess.ServiceController[]",,,,,,,,,,,,,,,,
"RmSvc","Radio Management Service","Stopped","Win32ShareProcess","Disabled",,,"System.ServiceProcess.ServiceController[]","System.ServiceProcess.ServiceController[]",".","False","False","False",,"System.ServiceProcess.ServiceController[]",,,,,,,,,,,,,,,,
"RpcEptMapper","RPC Endpoint Mapper","Running","Win32ShareProcess","Automatic",,,"System.ServiceProcess.ServiceController[]","System.ServiceProcess.ServiceController[]",".","False","False","False",,"System.ServiceProcess.ServiceController[]",,,,,,,,,,,,,,,,
"RpcLocator","Remote Procedure Call (RPC) Locator","Stopped","Win32OwnProcess","Manual",,,"System.ServiceProcess.ServiceController[]","System.ServiceProcess.ServiceController[]",".","False","False","False",,"System.ServiceProcess.ServiceController[]",,,,,,,,,,,,,,,,
"RpcSs","Remote Procedure Call (RPC)","Running","Win32ShareProcess","Automatic",,,"System.ServiceProcess.ServiceController[]","System.ServiceProcess.ServiceController[]",".","False","False","False",,"System.ServiceProcess.ServiceController[]",,,,,,,,,,,,,,,,
"RSoPProv","Resultant Set of Policy Provider","Stopped","Win32ShareProcess","Manual",,,"System.ServiceProcess.ServiceController[]","System.ServiceProcess.ServiceController[]",".","False","False","False",,"System.ServiceProcess.ServiceController[]",,,,,,,,,,,,,,,,
"sacsvr","Special Administration Console Helper","Stopped","Win32ShareProcess","Manual",,,"System.ServiceProcess.ServiceController[]","System.ServiceProcess.ServiceController[]",".","False","False","False",,"System.ServiceProcess.ServiceController[]",,,,,,,,,,,,,,,,
"SamSs","Security Accounts Manager","Running","Win32ShareProcess","Automatic",,,"System.ServiceProcess.ServiceController[]","System.ServiceProcess.ServiceController[]",".","False","False","False",,"System.ServiceProcess.ServiceController[]",,,,,,,,,,,,,,,,
"SCardSvr","Smart Card","Stopped","Win32ShareProcess","Manual",,,"System.ServiceProcess.ServiceController[]","System.ServiceProcess.ServiceController[]",".","False","False","False",,"System.ServiceProcess.ServiceController[]",,,,,,,,,,,,,,,,
"ScDeviceEnum","Smart Card Device Enumeration Service","Stopped","Win32ShareProcess","Disabled",,,"System.ServiceProcess.ServiceController[]","System.ServiceProcess.ServiceController[]",".","False","False","False",,"System.ServiceProcess.ServiceController[]",,,,,,,,,,,,,,,,
"Schedule","Task Scheduler","Running","Win32OwnProcess, Win32ShareProcess","Automatic",,,"System.ServiceProcess.ServiceController[]","System.ServiceProcess.ServiceController[]",".","False","True","True",,"System.ServiceProcess.ServiceController[]",,,,,,,,,,,,,,,,
"SCPolicySvc","Smart Card Removal Policy","Stopped","Win32ShareProcess","Manual",,,"System.ServiceProcess.ServiceController[]","System.ServiceProcess.ServiceController[]",".","False","False","False",,"System.ServiceProcess.ServiceController[]",,,,,,,,,,,,,,,,
"seclogon","Secondary Logon","Stopped","Win32ShareProcess","Manual",,,"System.ServiceProcess.ServiceController[]","System.ServiceProcess.ServiceController[]",".","False","False","False",,"System.ServiceProcess.ServiceController[]",,,,,,,,,,,,,,,,
"SecurityHealthService","Windows Security Service","Stopped","Win32OwnProcess","Manual",,,"System.ServiceProcess.ServiceController[]","System.ServiceProcess.ServiceController[]",".","False","False","False",,"System.ServiceProcess.ServiceController[]",,,,,,,,,,,,,,,,
"SEMgrSvc","Payments and NFC/SE Manager","Stopped","Win32OwnProcess","Disabled",,,"System.ServiceProcess.ServiceController[]","System.ServiceProcess.ServiceController[]",".","False","False","False",,"System.ServiceProcess.ServiceController[]",,,,,,,,,,,,,,,,
"SENS","System Event Notification Service","Running","Win32OwnProcess, Win32ShareProcess","Automatic",,,"System.ServiceProcess.ServiceController[]","System.ServiceProcess.ServiceController[]",".","False","False","True",,"System.ServiceProcess.ServiceController[]",,,,,,,,,,,,,,,,
"Sense","Windows Defender Advanced Threat Protection Service","Stopped","Win32OwnProcess","Manual",,,"System.ServiceProcess.ServiceController[]","System.ServiceProcess.ServiceController[]",".","False","False","False",,"System.ServiceProcess.ServiceController[]",,,,,,,,,,,,,,,,
"SensorDataService","Sensor Data Service","Stopped","Win32OwnProcess","Disabled",,,"System.ServiceProcess.ServiceController[]","System.ServiceProcess.ServiceController[]",".","False","False","False",,"System.ServiceProcess.ServiceController[]",,,,,,,,,,,,,,,,
"SensorService","Sensor Service","Stopped","Win32ShareProcess","Manual",,,"System.ServiceProcess.ServiceController[]","System.ServiceProcess.ServiceController[]",".","False","False","False",,"System.ServiceProcess.ServiceController[]",,,,,,,,,,,,,,,,
"SensrSvc","Sensor Monitoring Service","Stopped","Win32ShareProcess","Manual",,,"System.ServiceProcess.ServiceController[]","System.ServiceProcess.ServiceController[]",".","False","False","False",,"System.ServiceProcess.ServiceController[]",,,,,,,,,,,,,,,,
"SessionEnv","Remote Desktop Configuration","Stopped","Win32ShareProcess","Manual",,,"System.ServiceProcess.ServiceController[]","System.ServiceProcess.ServiceController[]",".","False","False","False",,"System.ServiceProcess.ServiceController[]",,,,,,,,,,,,,,,,
"SgrmBroker","System Guard Runtime Monitor Broker","Stopped","Win32OwnProcess","Manual",,,"System.ServiceProcess.ServiceController[]","System.ServiceProcess.ServiceController[]",".","False","False","False",,"System.ServiceProcess.ServiceController[]",,,,,,,,,,,,,,,,
"SharedAccess","Internet Connection Sharing (ICS)","Stopped","Win32ShareProcess","Disabled",,,"System.ServiceProcess.ServiceController[]","System.ServiceProcess.ServiceController[]",".","False","False","False",,"System.ServiceProcess.ServiceController[]",,,,,,,,,,,,,,,,
"ShellHWDetection","Shell Hardware Detection","Running","Win32OwnProcess, Win32ShareProcess","Automatic",,,"System.ServiceProcess.ServiceController[]","System.ServiceProcess.ServiceController[]",".","False","False","True",,"System.ServiceProcess.ServiceController[]",,,,,,,,,,,,,,,,
"shpamsvc","Shared PC Account Manager","Stopped","Win32ShareProcess","Disabled",,,"System.ServiceProcess.ServiceController[]","System.ServiceProcess.ServiceController[]",".","False","False","False",,"System.ServiceProcess.ServiceController[]",,,,,,,,,,,,,,,,
"smphost","Microsoft Storage Spaces SMP","Stopped","Win32OwnProcess","Manual",,,"System.ServiceProcess.ServiceController[]","System.ServiceProcess.ServiceController[]",".","False","False","False",,"System.ServiceProcess.ServiceController[]",,,,,,,,,,,,,,,,
"SNMPTRAP","SNMP Trap","Stopped","Win32OwnProcess","Manual",,,"System.ServiceProcess.ServiceController[]","System.ServiceProcess.ServiceController[]",".","False","False","False",,"System.ServiceProcess.ServiceController[]",,,,,,,,,,,,,,,,
"Spooler","Print Spooler","Running","Win32OwnProcess, InteractiveProcess","Automatic",,,"System.ServiceProcess.ServiceController[]","System.ServiceProcess.ServiceController[]",".","False","False","True",,"System.ServiceProcess.ServiceController[]",,,,,,,,,,,,,,,,
"sppsvc","Software Protection","Stopped","Win32OwnProcess","Automatic",,,"System.ServiceProcess.ServiceController[]","System.ServiceProcess.ServiceController[]",".","False","False","False",,"System.ServiceProcess.ServiceController[]",,,,,,,,,,,,,,,,
"SSDPSRV","SSDP Discovery","Stopped","Win32ShareProcess","Disabled",,,"System.ServiceProcess.ServiceController[]","System.ServiceProcess.ServiceController[]",".","False","False","False",,"System.ServiceProcess.ServiceController[]",,,,,,,,,,,,,,,,
"ssh-agent","OpenSSH Authentication Agent","Stopped","Win32OwnProcess","Disabled",,,"System.ServiceProcess.ServiceController[]","System.ServiceProcess.ServiceController[]",".","False","False","False",,"System.ServiceProcess.ServiceController[]",,,,,,,,,,,,,,,,
"SstpSvc","Secure Socket Tunneling Protocol Service","Stopped","Win32ShareProcess","Manual",,,"System.ServiceProcess.ServiceController[]","System.ServiceProcess.ServiceController[]",".","False","False","False",,"System.ServiceProcess.ServiceController[]",,,,,,,,,,,,,,,,
"StateRepository","State Repository Service","Running","Win32OwnProcess, Win32ShareProcess","Automatic",,,"System.ServiceProcess.ServiceController[]","System.ServiceProcess.ServiceController[]",".","False","True","True",,"System.ServiceProcess.ServiceController[]",,,,,,,,,,,,,,,,
"StiSvc","Windows Image Acquisition (WIA)","Stopped","Win32OwnProcess","Manual",,,"System.ServiceProcess.ServiceController[]","System.ServiceProcess.ServiceController[]",".","False","False","False",,"System.ServiceProcess.ServiceController[]",,,,,,,,,,,,,,,,
"StorSvc","Storage Service","Running","Win32OwnProcess, Win32ShareProcess","Automatic",,,"System.ServiceProcess.ServiceController[]","System.ServiceProcess.ServiceController[]",".","False","False","True",,"System.ServiceProcess.ServiceController[]",,,,,,,,,,,,,,,,
"svsvc","Spot Verifier","Stopped","Win32ShareProcess","Manual",,,"System.ServiceProcess.ServiceController[]","System.ServiceProcess.ServiceController[]",".","False","False","False",,"System.ServiceProcess.ServiceController[]",,,,,,,,,,,,,,,,
"swprv","Microsoft Software Shadow Copy Provider","Stopped","Win32OwnProcess","Manual",,,"System.ServiceProcess.ServiceController[]","System.ServiceProcess.ServiceController[]",".","False","False","False",,"System.ServiceProcess.ServiceController[]",,,,,,,,,,,,,,,,
"SysMain","SysMain","Running","Win32OwnProcess, Win32ShareProcess","Automatic",,,"System.ServiceProcess.ServiceController[]","System.ServiceProcess.ServiceController[]",".","False","True","True",,"System.ServiceProcess.ServiceController[]",,,,,,,,,,,,,,,,
"SystemEventsBroker","System Events Broker","Running","Win32ShareProcess","Automatic",,,"System.ServiceProcess.ServiceController[]","System.ServiceProcess.ServiceController[]",".","False","False","True",,"System.ServiceProcess.ServiceController[]",,,,,,,,,,,,,,,,
"TabletInputService","Touch Keyboard and Handwriting Panel Service","Running","Win32OwnProcess, Win32ShareProcess","Manual",,,"System.ServiceProcess.ServiceController[]","System.ServiceProcess.ServiceController[]",".","False","False","False",,"System.ServiceProcess.ServiceController[]",,,,,,,,,,,,,,,,
"tapisrv","Telephony","Stopped","Win32ShareProcess","Manual",,,"System.ServiceProcess.ServiceController[]","System.ServiceProcess.ServiceController[]",".","False","False","False",,"System.ServiceProcess.ServiceController[]",,,,,,,,,,,,,,,,
"TermService","Remote Desktop Services","Stopped","Win32ShareProcess","Manual",,,"System.ServiceProcess.ServiceController[]","System.ServiceProcess.ServiceController[]",".","False","False","False",,"System.ServiceProcess.ServiceController[]",,,,,,,,,,,,,,,,
"Themes","Themes","Running","Win32OwnProcess, Win32ShareProcess","Automatic",,,"System.ServiceProcess.ServiceController[]","System.ServiceProcess.ServiceController[]",".","False","False","True",,"System.ServiceProcess.ServiceController[]",,,,,,,,,,,,,,,,
"TieringEngineService","Storage Tiers Management","Stopped","Win32OwnProcess","Manual",,,"System.ServiceProcess.ServiceController[]","System.ServiceProcess.ServiceController[]",".","False","False","False",,"System.ServiceProcess.ServiceController[]",,,,,,,,,,,,,,,,
"TimeBrokerSvc","Time Broker","Running","Win32OwnProcess, Win32ShareProcess","Manual",,,"System.ServiceProcess.ServiceController[]","System.ServiceProcess.ServiceController[]",".","False","False","True",,"System.ServiceProcess.ServiceController[]",,,,,,,,,,,,,,,,
"TokenBroker","Web Account Manager","Running","Win32OwnProcess, Win32ShareProcess","Manual",,,"System.ServiceProcess.ServiceController[]","System.ServiceProcess.ServiceController[]",".","False","False","True",,"System.ServiceProcess.ServiceController[]",,,,,,,,,,,,,,,,
"TrkWks","Distributed Link Tracking Client","Running","Win32OwnProcess, Win32ShareProcess","Automatic",,,"System.ServiceProcess.ServiceController[]","System.ServiceProcess.ServiceController[]",".","False","True","True",,"System.ServiceProcess.ServiceController[]",,,,,,,,,,,,,,,,
"TrustedInstaller","Windows Modules Installer","Stopped","Win32OwnProcess","Manual",,,"System.ServiceProcess.ServiceController[]","System.ServiceProcess.ServiceController[]",".","False","False","False",,"System.ServiceProcess.ServiceController[]",,,,,,,,,,,,,,,,
"tzautoupdate","Auto Time Zone Updater","Stopped","Win32ShareProcess","Disabled",,,"System.ServiceProcess.ServiceController[]","System.ServiceProcess.ServiceController[]",".","False","False","False",,"System.ServiceProcess.ServiceController[]",,,,,,,,,,,,,,,,
"UALSVC","User Access Logging Service","Running","Win32OwnProcess, Win32ShareProcess","Automatic",,,"System.ServiceProcess.ServiceController[]","System.ServiceProcess.ServiceController[]",".","False","False","True",,"System.ServiceProcess.ServiceController[]",,,,,,,,,,,,,,,,
"UdkUserSvc_374b7","Udk User Service_374b7","Stopped","224","Manual",,,"System.ServiceProcess.ServiceController[]","System.ServiceProcess.ServiceController[]",".","False","False","False",,"System.ServiceProcess.ServiceController[]",,,,,,,,,,,,,,,,
"UevAgentService","User Experience Virtualization Service","Stopped","Win32OwnProcess","Disabled",,,"System.ServiceProcess.ServiceController[]","System.ServiceProcess.ServiceController[]",".","False","False","False",,"System.ServiceProcess.ServiceController[]",,,,,,,,,,,,,,,,
"UmRdpService","Remote Desktop Services UserMode Port Redirector","Stopped","Win32ShareProcess","Manual",,,"System.ServiceProcess.ServiceController[]","System.ServiceProcess.ServiceController[]",".","False","False","False",,"System.ServiceProcess.ServiceController[]",,,,,,,,,,,,,,,,
"UnistoreSvc_374b7","User Data Storage_374b7","Stopped","224","Manual",,,"System.ServiceProcess.ServiceController[]","System.ServiceProcess.ServiceController[]",".","False","False","False",,"System.ServiceProcess.ServiceController[]",,,,,,,,,,,,,,,,
"upnphost","UPnP Device Host","Stopped","Win32ShareProcess","Disabled",,,"System.ServiceProcess.ServiceController[]","System.ServiceProcess.ServiceController[]",".","False","False","False",,"System.ServiceProcess.ServiceController[]",,,,,,,,,,,,,,,,
"UserDataSvc_374b7","User Data Access_374b7","Stopped","224","Manual",,,"System.ServiceProcess.ServiceController[]","System.ServiceProcess.ServiceController[]",".","False","False","False",,"System.ServiceProcess.ServiceController[]",,,,,,,,,,,,,,,,
"UserManager","User Manager","Running","Win32OwnProcess, Win32ShareProcess","Automatic",,,"System.ServiceProcess.ServiceController[]","System.ServiceProcess.ServiceController[]",".","False","False","True",,"System.ServiceProcess.ServiceController[]",,,,,,,,,,,,,,,,
"UsoSvc","Update Orchestrator Service","Running","Win32OwnProcess, Win32ShareProcess","Automatic",,,"System.ServiceProcess.ServiceController[]","System.ServiceProcess.ServiceController[]",".","False","True","True",,"System.ServiceProcess.ServiceController[]",,,,,,,,,,,,,,,,
"VaultSvc","Credential Manager","Stopped","Win32ShareProcess","Manual",,,"System.ServiceProcess.ServiceController[]","System.ServiceProcess.ServiceController[]",".","False","False","False",,"System.ServiceProcess.ServiceController[]",,,,,,,,,,,,,,,,
"vds","Virtual Disk","Stopped","Win32OwnProcess","Manual",,,"System.ServiceProcess.ServiceController[]","System.ServiceProcess.ServiceController[]",".","False","False","False",,"System.ServiceProcess.ServiceController[]",,,,,,,,,,,,,,,,
"VGAuthService","VMware Alias Manager and Ticket Service","Running","Win32OwnProcess","Automatic",,,"System.ServiceProcess.ServiceController[]","System.ServiceProcess.ServiceController[]",".","False","False","True",,"System.ServiceProcess.ServiceController[]",,,,,,,,,,,,,,,,
"vm3dservice","VMware SVGA Helper Service","Running","Win32OwnProcess","Automatic",,,"System.ServiceProcess.ServiceController[]","System.ServiceProcess.ServiceController[]",".","False","False","True",,"System.ServiceProcess.ServiceController[]",,,,,,,,,,,,,,,,
"vmicguestinterface","Hyper-V Guest Service Interface","Stopped","Win32ShareProcess","Manual",,,"System.ServiceProcess.ServiceController[]","System.ServiceProcess.ServiceController[]",".","False","False","False",,"System.ServiceProcess.ServiceController[]",,,,,,,,,,,,,,,,
"vmicheartbeat","Hyper-V Heartbeat Service","Stopped","Win32ShareProcess","Manual",,,"System.ServiceProcess.ServiceController[]","System.ServiceProcess.ServiceController[]",".","False","False","False",,"System.ServiceProcess.ServiceController[]",,,,,,,,,,,,,,,,
"vmickvpexchange","Hyper-V Data Exchange Service","Stopped","Win32ShareProcess","Manual",,,"System.ServiceProcess.ServiceController[]","System.ServiceProcess.ServiceController[]",".","False","False","False",,"System.ServiceProcess.ServiceController[]",,,,,,,,,,,,,,,,
"vmicshutdown","Hyper-V Guest Shutdown Service","Stopped","Win32ShareProcess","Manual",,,"System.ServiceProcess.ServiceController[]","System.ServiceProcess.ServiceController[]",".","False","False","False",,"System.ServiceProcess.ServiceController[]",,,,,,,,,,,,,,,,
"vmictimesync","Hyper-V Time Synchronization Service","Stopped","Win32ShareProcess","Manual",,,"System.ServiceProcess.ServiceController[]","System.ServiceProcess.ServiceController[]",".","False","False","False",,"System.ServiceProcess.ServiceController[]",,,,,,,,,,,,,,,,
"vmicvmsession","Hyper-V PowerShell Direct Service","Stopped","Win32ShareProcess","Manual",,,"System.ServiceProcess.ServiceController[]","System.ServiceProcess.ServiceController[]",".","False","False","False",,"System.ServiceProcess.ServiceController[]",,,,,,,,,,,,,,,,
"vmicvss","Hyper-V Volume Shadow Copy Requestor","Stopped","Win32ShareProcess","Manual",,,"System.ServiceProcess.ServiceController[]","System.ServiceProcess.ServiceController[]",".","False","False","False",,"System.ServiceProcess.ServiceController[]",,,,,,,,,,,,,,,,
"VMTools","VMware Tools","Running","Win32OwnProcess","Automatic",,,"System.ServiceProcess.ServiceController[]","System.ServiceProcess.ServiceController[]",".","True","True","True",,"System.ServiceProcess.ServiceController[]",,,,,,,,,,,,,,,,
"vmvss","VMware Snapshot Provider","Stopped","Win32OwnProcess","Manual",,,"System.ServiceProcess.ServiceController[]","System.ServiceProcess.ServiceController[]",".","False","False","False",,"System.ServiceProcess.ServiceController[]",,,,,,,,,,,,,,,,
"VSS","Volume Shadow Copy","Stopped","Win32OwnProcess","Manual",,,"System.ServiceProcess.ServiceController[]","System.ServiceProcess.ServiceController[]",".","False","False","False",,"System.ServiceProcess.ServiceController[]",,,,,,,,,,,,,,,,
"W32Time","Windows Time","Running","Win32OwnProcess, Win32ShareProcess","Automatic",,,"System.ServiceProcess.ServiceController[]","System.ServiceProcess.ServiceController[]",".","False","True","True",,"System.ServiceProcess.ServiceController[]",,,,,,,,,,,,,,,,
"WaaSMedicSvc","Windows Update Medic Service","Stopped","Win32OwnProcess, Win32ShareProcess","Manual",,,"System.ServiceProcess.ServiceController[]","System.ServiceProcess.ServiceController[]",".","False","False","False",,"System.ServiceProcess.ServiceController[]",,,,,,,,,,,,,,,,
"WalletService","WalletService","Stopped","Win32ShareProcess","Disabled",,,"System.ServiceProcess.ServiceController[]","System.ServiceProcess.ServiceController[]",".","False","False","False",,"System.ServiceProcess.ServiceController[]",,,,,,,,,,,,,,,,
"WarpJITSvc","Warp JIT Service","Stopped","Win32OwnProcess","Manual",,,"System.ServiceProcess.ServiceController[]","System.ServiceProcess.ServiceController[]",".","False","False","False",,"System.ServiceProcess.ServiceController[]",,,,,,,,,,,,,,,,
"WbioSrvc","Windows Biometric Service","Stopped","Win32ShareProcess","Manual",,,"System.ServiceProcess.ServiceController[]","System.ServiceProcess.ServiceController[]",".","False","False","False",,"System.ServiceProcess.ServiceController[]",,,,,,,,,,,,,,,,
"Wcmsvc","Windows Connection Manager","Running","Win32OwnProcess","Automatic",,,"System.ServiceProcess.ServiceController[]","System.ServiceProcess.ServiceController[]",".","False","True","True",,"System.ServiceProcess.ServiceController[]",,,,,,,,,,,,,,,,
"WdiServiceHost","Diagnostic Service Host","Stopped","Win32ShareProcess","Manual",,,"System.ServiceProcess.ServiceController[]","System.ServiceProcess.ServiceController[]",".","False","False","False",,"System.ServiceProcess.ServiceController[]",,,,,,,,,,,,,,,,
"WdiSystemHost","Diagnostic System Host","Stopped","Win32ShareProcess","Manual",,,"System.ServiceProcess.ServiceController[]","System.ServiceProcess.ServiceController[]",".","False","False","False",,"System.ServiceProcess.ServiceController[]",,,,,,,,,,,,,,,,
"WdNisSvc","Microsoft Defender Antivirus Network Inspection Service","Running","Win32OwnProcess","Manual",,,"System.ServiceProcess.ServiceController[]","System.ServiceProcess.ServiceController[]",".","False","False","True",,"System.ServiceProcess.ServiceController[]",,,,,,,,,,,,,,,,
"Wecsvc","Windows Event Collector","Stopped","Win32ShareProcess","Manual",,,"System.ServiceProcess.ServiceController[]","System.ServiceProcess.ServiceController[]",".","False","False","False",,"System.ServiceProcess.ServiceController[]",,,,,,,,,,,,,,,,
"WEPHOSTSVC","Windows Encryption Provider Host Service","Stopped","Win32ShareProcess","Manual",,,"System.ServiceProcess.ServiceController[]","System.ServiceProcess.ServiceController[]",".","False","False","False",,"System.ServiceProcess.ServiceController[]",,,,,,,,,,,,,,,,
"wercplsupport","Problem Reports Control Panel Support","Stopped","Win32ShareProcess","Manual",,,"System.ServiceProcess.ServiceController[]","System.ServiceProcess.ServiceController[]",".","False","False","False",,"System.ServiceProcess.ServiceController[]",,,,,,,,,,,,,,,,
"WerSvc","Windows Error Reporting Service","Stopped","Win32OwnProcess","Manual",,,"System.ServiceProcess.ServiceController[]","System.ServiceProcess.ServiceController[]",".","False","False","False",,"System.ServiceProcess.ServiceController[]",,,,,,,,,,,,,,,,
"WiaRpc","Still Image Acquisition Events","Stopped","Win32ShareProcess","Manual",,,"System.ServiceProcess.ServiceController[]","System.ServiceProcess.ServiceController[]",".","False","False","False",,"System.ServiceProcess.ServiceController[]",,,,,,,,,,,,,,,,
"WinDefend","Microsoft Defender Antivirus Service","Running","Win32OwnProcess","Automatic",,,"System.ServiceProcess.ServiceController[]","System.ServiceProcess.ServiceController[]",".","False","True","True",,"System.ServiceProcess.ServiceController[]",,,,,,,,,,,,,,,,
"WinHttpAutoProxySvc","WinHTTP Web Proxy Auto-Discovery Service","Running","Win32OwnProcess, Win32ShareProcess","Manual",,,"System.ServiceProcess.ServiceController[]","System.ServiceProcess.ServiceController[]",".","False","True","False",,"System.ServiceProcess.ServiceController[]",,,,,,,,,,,,,,,,
"Winmgmt","Windows Management Instrumentation","Running","Win32OwnProcess, Win32ShareProcess","Automatic",,,"System.ServiceProcess.ServiceController[]","System.ServiceProcess.ServiceController[]",".","True","True","True",,"System.ServiceProcess.ServiceController[]",,,,,,,,,,,,,,,,
"WinRM","Windows Remote Management (WS-Management)","Running","Win32OwnProcess, Win32ShareProcess","Automatic",,,"System.ServiceProcess.ServiceController[]","System.ServiceProcess.ServiceController[]",".","False","True","True",,"System.ServiceProcess.ServiceController[]",,,,,,,,,,,,,,,,
"wisvc","Windows Insider Service","Stopped","Win32ShareProcess","Disabled",,,"System.ServiceProcess.ServiceController[]","System.ServiceProcess.ServiceController[]",".","False","False","False",,"System.ServiceProcess.ServiceController[]",,,,,,,,,,,,,,,,
"wlidsvc","Microsoft Account Sign-in Assistant","Stopped","Win32ShareProcess","Manual",,,"System.ServiceProcess.ServiceController[]","System.ServiceProcess.ServiceController[]",".","False","False","False",,"System.ServiceProcess.ServiceController[]",,,,,,,,,,,,,,,,
"WLMS","Windows Licensing Monitoring Service","Running","Win32OwnProcess","Automatic",,,"System.ServiceProcess.ServiceController[]","System.ServiceProcess.ServiceController[]",".","False","True","False",,"System.ServiceProcess.ServiceController[]",,,,,,,,,,,,,,,,
"wmiApSrv","WMI Performance Adapter","Stopped","Win32OwnProcess","Manual",,,"System.ServiceProcess.ServiceController[]","System.ServiceProcess.ServiceController[]",".","False","False","False",,"System.ServiceProcess.ServiceController[]",,,,,,,,,,,,,,,,
"WMPNetworkSvc","Windows Media Player Network Sharing Service","Stopped","Win32OwnProcess","Manual",,,"System.ServiceProcess.ServiceController[]","System.ServiceProcess.ServiceController[]",".","False","False","False",,"System.ServiceProcess.ServiceController[]",,,,,,,,,,,,,,,,
"WPDBusEnum","Portable Device Enumerator Service","Stopped","Win32OwnProcess, Win32ShareProcess","Manual",,,"System.ServiceProcess.ServiceController[]","System.ServiceProcess.ServiceController[]",".","False","False","False",,"System.ServiceProcess.ServiceController[]",,,,,,,,,,,,,,,,
"WpnService","Windows Push Notifications System Service","Running","Win32OwnProcess, Win32ShareProcess","Automatic",,,"System.ServiceProcess.ServiceController[]","System.ServiceProcess.ServiceController[]",".","False","False","True",,"System.ServiceProcess.ServiceController[]",,,,,,,,,,,,,,,,
"WpnUserService_374b7","Windows Push Notifications User Service_374b7","Running","240","Automatic",,,"System.ServiceProcess.ServiceController[]","System.ServiceProcess.ServiceController[]",".","False","False","True",,"System.ServiceProcess.ServiceController[]",,,,,,,,,,,,,,,,
"WSearch","Windows Search","Stopped","Win32OwnProcess","Disabled",,,"System.ServiceProcess.ServiceController[]","System.ServiceProcess.ServiceController[]",".","False","False","False",,"System.ServiceProcess.ServiceController[]",,,,,,,,,,,,,,,,
"wuauserv","Windows Update","Stopped","Win32ShareProcess","Manual",,,"System.ServiceProcess.ServiceController[]","System.ServiceProcess.ServiceController[]",".","False","False","False",,"System.ServiceProcess.ServiceController[]",,,,,,,,,,,,,,,,
